{
  "calc_field_amplitude_kwargs": {},
  "model_bx_amplitude": 0.9077256585976493,
  "model_by_amplitude": 0.9078917300731385,
  "meas_bx_amplitude": 0.8683724165560771,
  "meas_by_amplitude": 0.8560960462630844,
  "fres": 0.9429494926604503
}