{"linear": false, "mr": 1.37, "ksipar": 0.06, "ksiper": 0.17, "hlist": [0.0, 8.972388618652451e-05, 0.00014953981031087416, 0.00021991148575128554, 0.00033677873246482586, 0.0006195220712879072, 0.0010103361973944774, 0.002400176787342602, 0.006000441968356505, 0.01900035236891107, 0.0539989511669628, 0.09999940743788599], "mlist": [0.0, 0.5999102761138134, 0.9998504601896891, 1.5997800885142488, 1.7996632212675352, 1.999380477928712, 2.0989896638026058, 2.1975998232126575, 2.2539995580316434, 2.2809996476310888, 2.286001048833037, 2.290000592562114], "name": "VanadiumPermendur"}